G1,G2,Subject,No,Data1,Data2,Data3,Labels
post1,control,dish1,n0,0.895669937,0.066421308,0.037908856,0
post1,control,dish1,n1,0.725594878,0.140567228,0.133837894,0
post1,control,dish1,n2,0.56060791,0.09955018,0.339841902,0
post1,control,dish1,n3,0.595493615,0.377833039,0.026673313,0
post1,control,dish1,n4,0.212892726,0.052989863,0.734117448,2
post1,control,dish1,n5,0.414808571,0.172846451,0.412344962,0
post1,control,dish1,n6,0.585331738,0.162824273,0.251843929,0
post1,control,dish1,n7,0.782247007,0.066190474,0.151562542,0
post1,control,dish1,n8,0.438400984,0.517982602,0.043616444,1
post1,control,dish1,n9,0.606516719,0.079289734,0.314193517,0
post1,control,dish1,n10,0.625907898,0.215998009,0.158094198,0
post1,control,dish1,n11,0.587832093,0.223440275,0.188727707,0
post1,control,dish6,n0,0.084073074,0.012972685,0.902954221,2
post1,control,dish6,n1,0.079761274,0.009721371,0.910517335,2
post1,control,dish6,n2,0.029159762,0.964165151,0.006675124,1
post1,control,dish6,n3,0.069853008,0.011238724,0.918908298,2
post1,control,dish6,n4,0.628322065,0.288499504,0.083178386,0
post1,control,dish6,n5,0.178880557,0.067871094,0.753248334,2
post1,control,dish6,n6,0.020138172,0.97070539,0.009156474,1
post1,control,dish6,n7,0.033017717,0.015557925,0.951424301,2
post1,control,dish6,n8,0.037956618,0.949565172,0.012478156,1
post1,control,dish6,n9,0.191745192,0.020168688,0.788086176,2
post1,control,dish6,n10,0.747381449,0.062592648,0.190025821,0
post1,control,dish6,n11,0.508122861,0.309129596,0.182747513,0
post1,control,dish8,n0,0.166599035,0.009180842,0.824220121,2
post1,control,dish8,n1,0.406185836,0.587935328,0.005878943,1
post1,control,dish8,n2,0.239177704,0.030621262,0.730201006,2
post1,control,dish8,n3,0.845986366,0.094557449,0.059456192,0
post1,control,dish8,n4,0.66115576,0.041974027,0.296870261,0
post1,control,dish8,n5,0.357570022,0.60997659,0.032453466,1
post1,control,dish8,n6,0.184755057,0.033930819,0.781314075,2
post1,control,dish8,n7,0.5884462,0.383203715,0.028350048,0
post1,control,dish8,n8,0.648027003,0.310844988,0.04112798,0
post1,control,dish8,n9,0.473798841,0.016029246,0.510172009,2
post1,control,dish8,n10,0.418065876,0.537918746,0.044015378,1
post1,control,dish8,n11,0.229670137,0.025081931,0.74524796,2
post1,control,dish10,n0,0.236970961,0.056863379,0.706165731,2
post1,control,dish10,n1,0.274599075,0.687486351,0.03791457,1
post1,control,dish10,n2,0.554521978,0.32191959,0.123558477,0
post1,control,dish10,n3,0.264615029,0.062032714,0.673352301,2
post1,control,dish10,n4,0.87547344,0.031019494,0.093507089,0
post1,control,dish10,n5,0.540045857,0.434579104,0.025375066,0
post1,control,dish10,n6,0.862812996,0.058836725,0.078350253,0
post1,control,dish10,n7,0.264558971,0.051580794,0.683860183,2
post1,control,dish10,n8,0.454361111,0.516149223,0.029489689,1
post1,control,dish10,n9,0.817882538,0.076104261,0.106013231,0
post1,control,dish10,n10,0.761969268,0.204834178,0.033196602,0
post1,control,dish10,n11,0.847092092,0.049353708,0.103554197,0
post1,escit,dish2,n0,0.047029726,0.941429675,0.011540579,1
post1,escit,dish2,n1,0.275397778,0.039552696,0.685049593,2
post1,escit,dish2,n2,0.196224883,0.231894761,0.571880341,2
post1,escit,dish2,n3,0.040440977,0.941424489,0.018134527,1
post1,escit,dish2,n4,0.204431012,0.010711002,0.784858048,2
post1,escit,dish2,n5,0.130135685,0.857183278,0.012681101,1
post1,escit,dish2,n6,0.036912445,0.006335509,0.956752062,2
post1,escit,dish2,n7,0.132898331,0.825293064,0.041808598,1
post1,escit,dish2,n8,0.100860029,0.60506618,0.29407388,1
post1,escit,dish2,n9,0.443056196,0.03976592,0.517177939,2
post1,escit,dish2,n10,0.639926076,0.253947407,0.106126465,0
post1,escit,dish2,n11,0.748624802,0.119720593,0.131654635,0
post1,mirt,dish4,n0,0.699298441,0.042203467,0.258498102,0
post1,mirt,dish4,n1,0.226817414,0.719134808,0.054047823,1
post1,mirt,dish4,n2,0.715038061,0.045301743,0.239660263,0
post1,mirt,dish4,n3,0.392968774,0.022204634,0.584826648,2
post1,mirt,dish4,n4,0.530915141,0.42356512,0.045519747,0
post1,mirt,dish4,n5,0.082607798,0.904471219,0.012920995,1
post1,mirt,dish4,n6,0.263969272,0.032101803,0.703928888,2
post1,mirt,dish4,n7,0.496903539,0.348706156,0.154390305,0
post1,mirt,dish4,n8,0.318118751,0.309905738,0.371975482,2
post1,mirt,dish4,n9,0.792176008,0.029247055,0.178576916,0
post1,mirt,dish4,n10,0.863569856,0.120032564,0.016397551,0
post1,mirt,dish4,n11,0.747013271,0.0303954,0.222591355,0
post1,mirt,dish5,n0,0.646548748,0.172557235,0.180893973,0
post1,mirt,dish5,n1,0.652406693,0.028030902,0.319562405,0
post1,mirt,dish5,n2,0.686316669,0.241651684,0.072031677,0
post1,mirt,dish5,n3,0.671929955,0.201148421,0.126921684,0
post1,mirt,dish5,n4,0.171101511,0.014223206,0.814675212,2
post1,mirt,dish5,n5,0.741223454,0.132043406,0.126733094,0
post1,mirt,dish5,n6,0.706500471,0.216517985,0.076981455,0
post1,mirt,dish5,n7,0.159878939,0.744201243,0.09591978,1
post1,mirt,dish5,n8,0.685143828,0.038810119,0.276046097,0
post1,mirt,dish5,n9,0.438539922,0.025299989,0.536160111,2
post1,mirt,dish5,n10,0.378028512,0.589841604,0.03212988,1
post1,mirt,dish5,n11,0.211840451,0.041080307,0.747079313,2
post1,mirt,dish7,n0,0.840853572,0.092229269,0.066917181,0
post1,mirt,dish7,n1,0.83797282,0.067466892,0.094560266,0
post1,mirt,dish7,n2,0.644251823,0.040889438,0.314858794,0
post1,mirt,dish7,n3,0.544638216,0.412051708,0.04331011,0
post1,mirt,dish7,n4,0.888420582,0.041688226,0.069891185,0
post1,mirt,dish7,n5,0.867415726,0.094581328,0.038002934,0
post1,mirt,dish7,n6,0.205802947,0.250981659,0.543215454,2
post1,mirt,dish7,n7,0.695383847,0.088822328,0.215793848,0
post1,mirt,dish7,n8,0.449901968,0.494803071,0.055294923,1
post1,mirt,dish7,n9,0.708765149,0.039372124,0.251862735,0
post1,mirt,dish7,n10,0.475290388,0.051631436,0.473078221,0
post1,mirt,dish7,n11,0.53879869,0.366880983,0.094320297,0
post1,mirt,dish9,n0,0.605499446,0.077946261,0.316554308,0
post1,mirt,dish9,n1,0.862648845,0.040180635,0.097170517,0
post1,mirt,dish9,n2,0.434531361,0.501607895,0.063860774,1
post1,mirt,dish9,n3,0.421156406,0.113495491,0.465348125,2
post1,mirt,dish9,n4,0.825701535,0.043198619,0.131099805,0
post1,mirt,dish9,n5,0.311457157,0.659155846,0.029387105,1
post1,mirt,dish9,n6,0.091703489,0.019974958,0.888321459,2
post1,mirt,dish9,n7,0.445423692,0.524603546,0.029972756,1
post1,mirt,dish9,n8,0.243196875,0.053454056,0.703348994,2
post1,mirt,dish9,n9,0.078081824,0.904357135,0.017561067,1
post1,mirt,dish9,n10,0.426720947,0.024857635,0.548421443,2
post1,mirt,dish9,n11,0.65783757,0.201598167,0.140564263,0
post1,tryp,dish3,n0,0.854468167,0.122263364,0.023268562,0
post1,tryp,dish3,n1,0.429123044,0.379542321,0.191334635,0
post1,tryp,dish3,n2,0.837102115,0.1396835,0.023214297,0
post1,tryp,dish3,n3,0.82327354,0.039065514,0.137660906,0
post1,tryp,dish3,n4,0.712304175,0.125364453,0.162331417,0
post1,tryp,dish3,n5,0.844163775,0.111192904,0.044643372,0
post1,tryp,dish3,n6,0.465915203,0.035456348,0.498628408,2
post1,tryp,dish3,n7,0.472928703,0.48287347,0.044197869,1
post1,tryp,dish3,n8,0.605288267,0.106777772,0.287933886,0
post1,tryp,dish3,n9,0.486428022,0.080212496,0.433359444,0
post1,tryp,dish3,n10,0.193089798,0.723708272,0.083201945,1
post1,tryp,dish3,n11,0.873144448,0.02937438,0.097481176,0
post2,control,dish1,n0,0.50845623,0.030385075,0.461158752,0
post2,control,dish1,n1,0.214938059,0.104072213,0.680989802,2
post2,control,dish1,n2,0.216786817,0.766126275,0.017086985,1
post2,control,dish1,n3,0.579245269,0.017776329,0.40297845,0
post2,control,dish1,n4,0.803481877,0.115320012,0.081198104,0
post2,control,dish1,n5,0.787110925,0.075693898,0.13719517,0
post2,control,dish1,n6,0.33951509,0.417576492,0.242908418,1
post2,control,dish1,n7,0.490432292,0.016739568,0.492828131,2
post2,control,dish1,n8,0.421842456,0.277642906,0.300514638,0
post2,control,dish1,n9,0.788398266,0.171748012,0.039853748,0
post2,control,dish1,n10,0.545215607,0.083971247,0.370813191,0
post2,control,dish1,n11,0.756070197,0.132069811,0.11185997,0
post2,control,dish6,n0,0.319186628,0.292775691,0.388037652,2
post2,control,dish6,n1,0.378190458,0.040891591,0.580918014,2
post2,control,dish6,n2,0.056808751,0.92189467,0.021296557,1
post2,control,dish6,n3,0.09371613,0.008259753,0.898024082,2
post2,control,dish6,n4,0.053817268,0.927977026,0.018205704,1
post2,control,dish6,n5,0.097630449,0.661599517,0.240770087,1
post2,control,dish6,n6,0.081007145,0.354329944,0.564662993,2
post2,control,dish6,n7,0.136278421,0.827125609,0.036595933,1
post2,control,dish6,n8,0.182410881,0.026844906,0.790744245,2
post2,control,dish6,n9,0.210413203,0.759749293,0.029837567,1
post2,control,dish6,n10,0.035309706,0.010564932,0.954125345,2
post2,control,dish6,n11,0.608435929,0.365690678,0.025873447,0
post2,control,dish8,n0,0.591535091,0.344486386,0.063978523,0
post2,control,dish8,n1,0.745648444,0.03953173,0.214819938,0
post2,control,dish8,n2,0.733240485,0.029722881,0.237036705,0
post2,control,dish8,n3,0.893503189,0.052035168,0.054461677,0
post2,control,dish8,n4,0.833971143,0.111526795,0.054502029,0
post2,control,dish8,n5,0.361126393,0.026577309,0.612296283,2
post2,control,dish8,n6,0.811454952,0.159167901,0.02937717,0
post2,control,dish8,n7,0.815691411,0.119279549,0.06502907,0
post2,control,dish8,n8,0.808935404,0.020856323,0.17020829,0
post2,control,dish8,n9,0.848808587,0.132669747,0.018521706,0
post2,control,dish8,n10,0.706887364,0.106147125,0.186965525,0
post2,control,dish8,n11,0.799160361,0.167030469,0.033809096,0
post2,control,dish10,n0,0.211518258,0.027143387,0.761338413,2
post2,control,dish10,n1,0.123207197,0.839553356,0.037239466,1
post2,control,dish10,n2,0.16149123,0.015431434,0.823077381,2
post2,control,dish10,n3,0.738960564,0.043644287,0.217395157,0
post2,control,dish10,n4,0.830912054,0.1449489,0.024139062,0
post2,control,dish10,n5,0.895187438,0.064197667,0.04061494,0
post2,control,dish10,n6,0.645817757,0.030704891,0.323477387,0
post2,control,dish10,n7,0.954452753,0.028030034,0.017517218,0
post2,control,dish10,n8,0.935944855,0.012969482,0.051085677,0
post2,control,dish10,n9,0.684384882,0.039972972,0.275642157,0
post2,control,dish10,n10,0.758000314,0.099745989,0.142253712,0
post2,control,dish10,n11,0.76614058,0.157711372,0.076147988,0
post2,escit,dish2,n0,0.842979848,0.039639413,0.117380746,0
post2,escit,dish2,n1,0.319212139,0.445848644,0.234939232,1
post2,escit,dish2,n2,0.067874685,0.029201755,0.902923524,2
post2,escit,dish2,n3,0.026801515,0.963391483,0.009806951,1
post2,escit,dish2,n4,0.083758421,0.021662014,0.894579589,2
post2,escit,dish2,n5,0.182281971,0.712579012,0.105139084,1
post2,escit,dish2,n6,0.133404344,0.835593462,0.031002203,1
post2,escit,dish2,n7,0.102729931,0.029679259,0.867590845,2
post2,escit,dish2,n8,0.679300189,0.036935192,0.283764601,0
post2,escit,dish2,n9,0.743388593,0.211091593,0.04551984,0
post2,escit,dish2,n10,0.659738481,0.307301879,0.032959666,0
post2,escit,dish2,n11,0.364119768,0.033126153,0.602754116,2
post2,mirt,dish4,n0,0.814570248,0.145436242,0.039993495,0
post2,mirt,dish4,n1,0.789343417,0.041340183,0.169316456,0
post2,mirt,dish4,n2,0.891789973,0.069488615,0.038721427,0
post2,mirt,dish4,n3,0.156548381,0.057598572,0.785853148,2
post2,mirt,dish4,n4,0.498209715,0.223070532,0.278719664,0
post2,mirt,dish4,n5,0.755526006,0.191585049,0.052889049,0
post2,mirt,dish4,n6,0.373474896,0.018414926,0.608110249,2
post2,mirt,dish4,n7,0.884768903,0.070281938,0.044949219,0
post2,mirt,dish4,n8,0.851246119,0.113846384,0.034907486,0
post2,mirt,dish4,n9,0.745167077,0.144960076,0.109872788,0
post2,mirt,dish4,n10,0.764067829,0.209888488,0.026043698,0
post2,mirt,dish4,n11,0.350452632,0.035397422,0.614149928,2
post2,mirt,dish5,n0,0.437755316,0.094593391,0.467651337,2
post2,mirt,dish5,n1,0.305773795,0.447211415,0.24701485,1
post2,mirt,dish5,n2,0.468283564,0.129790246,0.401926219,0
post2,mirt,dish5,n3,0.706062734,0.060066804,0.233870491,0
post2,mirt,dish5,n4,0.617227077,0.305161417,0.077611588,0
post2,mirt,dish5,n5,0.753675699,0.114196979,0.132127374,0
post2,mirt,dish5,n6,0.770899415,0.029160708,0.199939907,0
post2,mirt,dish5,n7,0.603642285,0.299153626,0.097204119,0
post2,mirt,dish5,n8,0.772455573,0.140748665,0.086795814,0
post2,mirt,dish5,n9,0.122799195,0.014005505,0.8631953,2
post2,mirt,dish5,n10,0.611384749,0.309964061,0.078651205,0
post2,mirt,dish5,n11,0.530918956,0.256541371,0.212539718,0
post2,mirt,dish7,n0,0.755251348,0.168799356,0.075949393,0
post2,mirt,dish7,n1,0.677257359,0.031954195,0.290788472,0
post2,mirt,dish7,n2,0.712757409,0.250425041,0.036817484,0
post2,mirt,dish7,n3,0.826131105,0.039919071,0.133949742,0
post2,mirt,dish7,n4,0.878228784,0.021049768,0.100721352,0
post2,mirt,dish7,n5,0.739910841,0.123463683,0.136625499,0
post2,mirt,dish7,n6,0.858533263,0.082291946,0.059174839,0
post2,mirt,dish7,n7,0.872555673,0.080881789,0.046562556,0
post2,mirt,dish7,n8,0.742828369,0.169387132,0.087784521,0
post2,mirt,dish7,n9,0.834872723,0.081877224,0.08325012,0
post2,mirt,dish7,n10,0.805760443,0.166577667,0.027661968,0
post2,mirt,dish7,n11,0.819311798,0.066645086,0.11404305,0
post2,mirt,dish9,n0,0.294468701,0.627479613,0.078051738,1
post2,mirt,dish9,n1,0.13953808,0.014589263,0.8458727,2
post2,mirt,dish9,n2,0.219009697,0.715242207,0.065748155,1
post2,mirt,dish9,n3,0.369690537,0.607090712,0.023218755,1
post2,mirt,dish9,n4,0.458735645,0.031945981,0.509318411,2
post2,mirt,dish9,n5,0.381892115,0.029375033,0.588732898,2
post2,mirt,dish9,n6,0.363902301,0.597067058,0.039030638,1
post2,mirt,dish9,n7,0.539783418,0.432849705,0.02736691,0
post2,mirt,dish9,n8,0.056928404,0.009288589,0.933783054,2
post2,mirt,dish9,n9,0.109219931,0.8591609,0.031619214,1
post2,mirt,dish9,n10,0.077457704,0.356900007,0.565642238,2
post2,mirt,dish9,n11,0.441113919,0.263592601,0.295293391,0
post2,tryp,dish3,n0,0.69206357,0.107874341,0.200062186,0
post2,tryp,dish3,n1,0.863019943,0.051785097,0.085195042,0
post2,tryp,dish3,n2,0.820086241,0.101568304,0.078345425,0
post2,tryp,dish3,n3,0.930894554,0.015041421,0.054064095,0
post2,tryp,dish3,n4,0.642364204,0.060751066,0.296884775,0
post2,tryp,dish3,n5,0.077558599,0.913431108,0.009010301,1
post2,tryp,dish3,n6,0.558171928,0.262551606,0.179276496,0
post2,tryp,dish3,n7,0.912115335,0.054876599,0.033008032,0
post2,tryp,dish3,n8,0.609936237,0.040547516,0.349516273,0
post2,tryp,dish3,n9,0.580927193,0.346650273,0.072422594,0
post2,tryp,dish3,n10,0.053236071,0.011160278,0.935603619,2
post2,tryp,dish3,n11,0.290443957,0.482689589,0.226866469,1
post3,control,dish1,n0,0.277166516,0.659692407,0.06314113,1
post3,control,dish1,n1,0.29192993,0.013603134,0.694466949,2
post3,control,dish1,n2,0.237891525,0.649670303,0.112438209,1
post3,control,dish1,n3,0.645491123,0.123123884,0.231384963,0
post3,control,dish1,n4,0.831081212,0.039534912,0.129383847,0
post3,control,dish1,n5,0.21877791,0.169793263,0.611428916,2
post3,control,dish1,n6,0.143064395,0.818923414,0.038012225,1
post3,control,dish1,n7,0.206979305,0.018546382,0.774474263,2
post3,control,dish1,n8,0.382663339,0.265686363,0.351650298,0
post3,control,dish1,n9,0.043955743,0.935143888,0.020900365,1
post3,control,dish1,n10,0.148663163,0.012625322,0.8387115,2
post3,control,dish1,n11,0.063739352,0.926314116,0.009946546,1
post3,control,dish6,n0,0.069594853,0.035024147,0.895381033,2
post3,control,dish6,n1,0.406678617,0.484927148,0.10839428,1
post3,control,dish6,n2,0.045980543,0.938447535,0.015571875,1
post3,control,dish6,n3,0.031920258,0.018518362,0.949561298,2
post3,control,dish6,n4,0.006806937,0.990193784,0.002999204,1
post3,control,dish6,n5,0.027376495,0.929714978,0.04290852,1
post3,control,dish6,n6,0.038429264,0.008002321,0.953568399,2
post3,control,dish6,n7,0.038935985,0.944824398,0.01623961,1
post3,control,dish6,n8,0.019668844,0.959721804,0.020609286,1
post3,control,dish6,n9,0.037378255,0.017051525,0.94557029,2
post3,control,dish6,n10,0.034972832,0.955356061,0.009671062,1
post3,control,dish6,n11,0.102622166,0.075096451,0.82228142,2
post3,control,dish10,n0,0.768909454,0.206688493,0.024402145,0
post3,control,dish10,n1,0.51463753,0.030531812,0.454830706,0
post3,control,dish10,n2,0.683659196,0.256341696,0.05999916,0
post3,control,dish10,n3,0.136672333,0.023326844,0.840000868,2
post3,control,dish10,n4,0.370182693,0.512033224,0.117784083,1
post3,control,dish10,n5,0.810929894,0.098638445,0.090431653,0
post3,control,dish10,n6,0.833432853,0.033029933,0.133537218,0
post3,control,dish10,n7,0.806337595,0.141145736,0.052516654,0
post3,control,dish10,n8,0.850649774,0.076215632,0.073134549,0
post3,control,dish10,n9,0.803265333,0.130654424,0.066080295,0
post3,control,dish10,n10,0.87314254,0.084023587,0.042833865,0
post3,control,dish10,n11,0.736135542,0.169978663,0.093885824,0
post3,escit,dish2,n0,0.328175008,0.089545541,0.582279503,2
post3,escit,dish2,n1,0.412496448,0.517384052,0.070119537,1
post3,escit,dish2,n2,0.514624178,0.033516172,0.451859653,0
post3,escit,dish2,n3,0.822019994,0.02287323,0.155106843,0
post3,escit,dish2,n4,0.78346777,0.181769609,0.034762699,0
post3,escit,dish2,n5,0.780613363,0.125213578,0.094173066,0
post3,escit,dish2,n6,0.449519157,0.01763933,0.532841504,2
post3,escit,dish2,n7,0.803874969,0.176189452,0.019935623,0
post3,escit,dish2,n8,0.070020109,0.667067349,0.262912571,1
post3,escit,dish2,n9,0.118006088,0.030295096,0.851698875,2
post3,escit,dish2,n10,0.032543696,0.95792228,0.009534045,1
post3,escit,dish2,n11,0.620493233,0.109729782,0.26977703,0
post3,mirt,dish4,n0,0.225498721,0.020837635,0.753663659,2
post3,mirt,dish4,n1,0.044761799,0.914438009,0.040800191,1
post3,mirt,dish4,n2,0.455493897,0.236237451,0.308268666,0
post3,mirt,dish4,n3,0.072515763,0.013039588,0.914444685,2
post3,mirt,dish4,n4,0.592905641,0.347239882,0.059854556,0
post3,mirt,dish4,n5,0.842805326,0.055323325,0.101871334,0
post3,mirt,dish4,n6,0.543343663,0.392188013,0.064468265,0
post3,mirt,dish4,n7,0.207070053,0.016406694,0.776523232,2
post3,mirt,dish4,n8,0.342654318,0.585918248,0.07142739,1
post3,mirt,dish4,n9,0.744614661,0.163002551,0.092382893,0
post3,mirt,dish4,n10,0.541253805,0.02502577,0.433720499,0
post3,mirt,dish4,n11,0.883688092,0.07581149,0.040500339,0
post3,mirt,dish5,n0,0.470573336,0.519480824,0.009945942,1
post3,mirt,dish5,n1,0.620796323,0.281991899,0.097211801,0
post3,mirt,dish5,n2,0.188143954,0.023370398,0.788485646,2
post3,mirt,dish5,n3,0.066959634,0.911771238,0.021269146,1
post3,mirt,dish5,n4,0.20626682,0.03998933,0.753743887,2
post3,mirt,dish5,n5,0.416780055,0.411275834,0.171944097,0
post3,mirt,dish5,n6,0.321021855,0.06103725,0.617940903,2
post3,mirt,dish5,n7,0.484894216,0.472142994,0.042962763,0
post3,mirt,dish5,n8,0.268384159,0.179318726,0.552297115,2
post3,mirt,dish5,n9,0.116690107,0.646648645,0.236661315,1
post3,mirt,dish5,n10,0.200116575,0.087118864,0.712764561,2
post3,mirt,dish5,n11,0.448993951,0.424771369,0.12623468,0
post3,mirt,dish7,n0,0.837204397,0.075820886,0.086974703,0
post3,mirt,dish7,n1,0.287776858,0.049230419,0.662992775,2
post3,mirt,dish7,n2,0.369733691,0.570992649,0.059273705,1
post3,mirt,dish7,n3,0.897872269,0.034145243,0.067982405,0
post3,mirt,dish7,n4,0.227108955,0.045357868,0.727533162,2
post3,mirt,dish7,n5,0.107592948,0.880136013,0.012271045,1
post3,mirt,dish7,n6,0.183669731,0.294865847,0.521464467,2
post3,mirt,dish7,n7,0.77982378,0.014198943,0.205977276,0
post3,mirt,dish7,n8,0.705481529,0.202622578,0.091895804,0
post3,mirt,dish7,n9,0.80219388,0.114300311,0.083505809,0
post3,mirt,dish7,n10,0.880537808,0.049522202,0.069939934,0
post3,mirt,dish7,n11,0.798006117,0.130630955,0.071363039,0
post3,mirt,dish9,n0,0.357728928,0.599301398,0.042969692,1
post3,mirt,dish9,n1,0.227889583,0.116127372,0.655983031,2
post3,mirt,dish9,n2,0.107270241,0.014530336,0.878199399,2
post3,mirt,dish9,n3,0.153600544,0.825249016,0.02115046,1
post3,mirt,dish9,n4,0.123284347,0.027212851,0.849502861,2
post3,mirt,dish9,n5,0.253297716,0.484927863,0.261774391,1
post3,mirt,dish9,n6,0.229449496,0.029490877,0.741059661,2
post3,mirt,dish9,n7,0.091153286,0.875197947,0.033648781,1
post3,mirt,dish9,n8,0.059696011,0.031879086,0.908424914,2
post3,mirt,dish9,n9,0.155286044,0.01053325,0.834180772,2
post3,mirt,dish9,n10,0.237884328,0.731688201,0.030427495,1
post3,mirt,dish9,n11,0.42549938,0.045953788,0.52854687,2
post3,tryp,dish3,n0,0.608314991,0.067082562,0.324602515,0
post3,tryp,dish3,n1,0.713326752,0.066449575,0.220223784,0
post3,tryp,dish3,n2,0.776012897,0.18472521,0.039261859,0
post3,tryp,dish3,n3,0.807510376,0.068791851,0.123697788,0
post3,tryp,dish3,n4,0.725891948,0.087918699,0.186189383,0
post3,tryp,dish3,n5,0.784646571,0.121033743,0.094319656,0
post3,tryp,dish3,n6,0.896331728,0.078070804,0.025597408,0
post3,tryp,dish3,n7,0.281483501,0.502683759,0.215832844,1
post3,tryp,dish3,n8,0.900434017,0.069059044,0.030506942,0
post3,tryp,dish3,n9,0.490067333,0.184225246,0.325707406,0
post3,tryp,dish3,n10,0.058746301,0.102111705,0.839142025,2
post3,tryp,dish3,n11,0.092036523,0.86518383,0.042779639,1
post4,control,dish1,n0,0.217404827,0.766511202,0.016084019,1
post4,control,dish1,n1,0.622475386,0.182930887,0.194593787,0
post4,control,dish1,n2,0.615236878,0.034480095,0.350283116,0
post4,control,dish1,n3,0.766070068,0.08194346,0.151986465,0
post4,control,dish1,n4,0.567137063,0.362298369,0.070564546,0
post4,control,dish1,n5,0.769979835,0.02856113,0.20145905,0
post4,control,dish1,n6,0.692064762,0.198391497,0.109543808,0
post4,control,dish1,n7,0.812793076,0.09824089,0.08896599,0
post4,control,dish1,n8,0.884221911,0.014863922,0.100914173,0
post4,control,dish1,n9,0.361958444,0.561993241,0.076048367,1
post4,control,dish1,n10,0.965704679,0.018679338,0.01561605,0
post4,control,dish1,n11,0.615667224,0.130953923,0.253378928,0
post8,control,dish8,n0,0.320702285,0.015740907,0.663556755,2
post8,control,dish8,n1,0.597502351,0.336158782,0.066338815,0
post8,control,dish8,n2,0.832482815,0.14116165,0.026355566,0
post8,control,dish8,n3,0.42204538,0.03174755,0.54620719,2
post8,control,dish8,n4,0.672135234,0.271932483,0.055932269,0
post8,control,dish8,n5,0.378357649,0.358581334,0.263060987,0
post8,control,dish8,n6,0.574670076,0.065779172,0.359550744,0
post8,control,dish8,n7,0.542593122,0.422668368,0.034738541,0
post8,control,dish8,n8,0.42570287,0.366297424,0.207999781,0
post8,control,dish8,n9,0.70156014,0.186020136,0.11241968,0
post8,control,dish8,n10,0.928453505,0.049065109,0.022481401,0
post8,control,dish8,n11,0.901222587,0.028025866,0.070751451,0
pre1,control,dish1,n0,0.320436925,0.627293646,0.052269522,1
pre1,control,dish1,n1,0.085509777,0.176429033,0.738061249,2
pre1,control,dish1,n2,0.750189245,0.055669338,0.194141373,0
pre1,control,dish1,n3,0.823175967,0.043630868,0.133193269,0
pre1,control,dish1,n4,0.764642656,0.145231709,0.090125598,0
pre1,control,dish1,n5,0.333424598,0.596772432,0.069802932,1
pre1,control,dish1,n6,0.374780536,0.027016096,0.598203361,2
pre1,control,dish1,n7,0.278417975,0.656348407,0.065233588,1
pre1,control,dish1,n8,0.602674842,0.363473713,0.033851534,0
pre1,control,dish1,n9,0.260076582,0.017605018,0.722318411,2
pre1,control,dish1,n10,0.206262678,0.772399247,0.02133807,1
pre1,control,dish1,n11,0.475360543,0.030788979,0.49385044,2
pre1,control,dish6,n0,0.285222083,0.699757755,0.015020089,1
pre1,control,dish6,n1,0.188288584,0.051203858,0.760507524,2
pre1,control,dish6,n2,0.678280294,0.269021451,0.052698255,0
pre1,control,dish6,n3,0.887409091,0.029395303,0.083195716,0
pre1,control,dish6,n4,0.719358146,0.257808268,0.022833552,0
pre1,control,dish6,n5,0.506321967,0.447893679,0.045784447,0
pre1,control,dish6,n6,0.129817218,0.017234933,0.852947831,2
pre1,control,dish6,n7,0.186746433,0.772821724,0.040431827,1
pre1,control,dish6,n8,0.831169903,0.129876852,0.038953252,0
pre1,control,dish6,n9,0.505518734,0.015092315,0.479388982,0
pre1,control,dish6,n10,0.591666222,0.109996669,0.298337132,0
pre1,control,dish6,n11,0.406295359,0.425107628,0.168597057,1
pre1,control,dish8,n0,0.871659517,0.037512094,0.090828419,0
pre1,control,dish8,n1,0.640336156,0.170772284,0.188891545,0
pre1,control,dish8,n2,0.747828007,0.053107832,0.199064225,0
pre1,control,dish8,n3,0.799661458,0.183060735,0.017277749,0
pre1,control,dish8,n4,0.865897357,0.06125832,0.072844371,0
pre1,control,dish8,n5,0.597494423,0.363171041,0.039334457,0
pre1,control,dish8,n6,0.594080091,0.137907058,0.268012911,0
pre1,control,dish8,n7,0.790546358,0.163782969,0.045670684,0
pre1,control,dish8,n8,0.842583776,0.051591083,0.105825178,0
pre1,control,dish8,n9,0.621744454,0.205413654,0.172841966,0
pre1,control,dish8,n10,0.453152567,0.036360975,0.510486543,2
pre1,control,dish8,n11,0.8828215,0.080947444,0.036231067,0
pre1,control,dish10,n0,0.479849339,0.106955372,0.413195282,0
pre1,control,dish10,n1,0.780469894,0.191400841,0.028129287,0
pre1,control,dish10,n2,0.669156551,0.163358212,0.167485252,0
pre1,control,dish10,n3,0.820516706,0.111368291,0.068115108,0
pre1,control,dish10,n4,0.866865218,0.04604806,0.087086715,0
pre1,control,dish10,n5,0.884295404,0.070859291,0.044845335,0
pre1,control,dish10,n6,0.619543552,0.305930346,0.074526168,0
pre1,control,dish10,n7,0.76159656,0.031747803,0.206655711,0
pre1,control,dish10,n8,0.829167008,0.128474057,0.042358916,0
pre1,control,dish10,n9,0.838845491,0.063200049,0.097954497,0
pre1,control,dish10,n10,0.745713472,0.144978985,0.109307535,0
pre1,control,dish10,n11,0.812634349,0.164381474,0.022984268,0
pre1,escit,dish2,n0,0.064515978,0.013547791,0.921936214,2
pre1,escit,dish2,n1,0.267708898,0.413607359,0.318683743,1
pre1,escit,dish2,n2,0.033599239,0.960769892,0.00563084,1
pre1,escit,dish2,n3,0.08243192,0.023835672,0.893732429,2
pre1,escit,dish2,n4,0.328115195,0.036809683,0.635075152,2
pre1,escit,dish2,n5,0.017511047,0.977876067,0.004612911,1
pre1,escit,dish2,n6,0.055371415,0.927110493,0.017518071,1
pre1,escit,dish2,n7,0.035708401,0.027464157,0.936827362,2
pre1,escit,dish2,n8,0.046570849,0.941329181,0.01209999,1
pre1,escit,dish2,n9,0.057496447,0.322479039,0.620024502,2
pre1,escit,dish2,n10,0.47543329,0.399237067,0.125329569,0
pre1,escit,dish2,n11,0.544757247,0.218890414,0.23635228,0
pre1,mirt,dish4,n0,0.841422796,0.133954629,0.024622561,0
pre1,mirt,dish4,n1,0.824801028,0.01413417,0.161064819,0
pre1,mirt,dish4,n2,0.556390464,0.363136083,0.080473408,0
pre1,mirt,dish4,n3,0.710285485,0.193572417,0.096142001,0
pre1,mirt,dish4,n4,0.652739346,0.071689107,0.275571525,0
pre1,mirt,dish4,n5,0.651889086,0.258878589,0.089232288,0
pre1,mirt,dish4,n6,0.199944094,0.683622241,0.116433725,1
pre1,mirt,dish4,n7,0.881141126,0.035797708,0.083061211,0
pre1,mirt,dish4,n8,0.964864731,0.01112558,0.024009727,0
pre1,mirt,dish4,n9,0.669704854,0.112342171,0.217952996,0
pre1,mirt,dish4,n10,0.663193703,0.046718996,0.290087372,0
pre1,mirt,dish4,n11,0.804247499,0.028208997,0.167543426,0
pre1,mirt,dish5,n0,0.871937692,0.036563352,0.091498978,0
pre1,mirt,dish5,n1,0.762136996,0.173551977,0.064311042,0
pre1,mirt,dish5,n2,0.633916557,0.156521782,0.209561706,0
pre1,mirt,dish5,n3,0.921663821,0.045338593,0.032997672,0
pre1,mirt,dish5,n4,0.781849682,0.177115381,0.041034963,0
pre1,mirt,dish5,n5,0.795342863,0.021594645,0.183062524,0
pre1,mirt,dish5,n6,0.561027884,0.310317874,0.128654227,0
pre1,mirt,dish5,n7,0.812432468,0.151545331,0.036022216,0
pre1,mirt,dish5,n8,0.808168948,0.049445685,0.142385334,0
pre1,mirt,dish5,n9,0.547066569,0.128383979,0.324549407,0
pre1,mirt,dish5,n10,0.396340042,0.467904776,0.135755226,1
pre1,mirt,dish5,n11,0.535741687,0.160071537,0.304186702,0
pre1,mirt,dish7,n0,0.64454031,0.315104812,0.0403549,0
pre1,mirt,dish7,n1,0.544243574,0.342471004,0.11328546,0
pre1,mirt,dish7,n2,0.528422713,0.064453624,0.407123715,0
pre1,mirt,dish7,n3,0.125066087,0.861012042,0.013921844,1
pre1,mirt,dish7,n4,0.075952888,0.050216954,0.87383008,2
pre1,mirt,dish7,n5,0.397321433,0.032995407,0.569683075,2
pre1,mirt,dish7,n6,0.469385356,0.446747929,0.083866753,0
pre1,mirt,dish7,n7,0.864038289,0.028495427,0.107466251,0
pre1,mirt,dish7,n8,0.607072413,0.058848087,0.334079593,0
pre1,mirt,dish7,n9,0.418028057,0.463039964,0.118931979,1
pre1,mirt,dish7,n10,0.521912992,0.302319527,0.175767511,0
pre1,mirt,dish7,n11,0.82968086,0.102087058,0.068232097,0
pre1,mirt,dish9,n0,0.086497396,0.009837102,0.903665483,2
pre1,mirt,dish9,n1,0.167414263,0.809642255,0.022943469,1
pre1,mirt,dish9,n2,0.07428021,0.0279963,0.897723556,2
pre1,mirt,dish9,n3,0.279126465,0.688864589,0.032008935,1
pre1,mirt,dish9,n4,0.299450278,0.623196721,0.077352956,1
pre1,mirt,dish9,n5,0.386874169,0.072053276,0.541072607,2
pre1,mirt,dish9,n6,0.237132519,0.708217621,0.054649923,1
pre1,mirt,dish9,n7,0.527480841,0.082167231,0.390351981,0
pre1,mirt,dish9,n8,0.172454804,0.020515064,0.807030141,2
pre1,mirt,dish9,n9,0.313648582,0.646807492,0.039543882,1
pre1,mirt,dish9,n10,0.16845113,0.035101861,0.796446979,2
pre1,mirt,dish9,n11,0.5209108,0.278000534,0.201088712,0
pre1,tryp,dish3,n0,0.804942846,0.100287497,0.094769672,0
pre1,tryp,dish3,n1,0.776863396,0.047400422,0.175736219,0
pre1,tryp,dish3,n2,0.858245313,0.052338663,0.089416064,0
pre1,tryp,dish3,n3,0.822748184,0.131789565,0.045462254,0
pre1,tryp,dish3,n4,0.639659345,0.031683508,0.32865721,0
pre1,tryp,dish3,n5,0.717451692,0.136777073,0.145771235,0
pre1,tryp,dish3,n6,0.650584996,0.246989787,0.10242518,0
pre1,tryp,dish3,n7,0.694622815,0.091140188,0.214237005,0
pre1,tryp,dish3,n8,0.867763579,0.102961786,0.029274672,0
pre1,tryp,dish3,n9,0.956571162,0.018881643,0.024547096,0
pre1,tryp,dish3,n10,0.762957513,0.091148622,0.145893857,0
pre1,tryp,dish3,n11,0.793316185,0.082309313,0.124374516,0
pre2,control,dish1,n0,0.926692963,0.04209717,0.03120983,0
pre2,control,dish1,n1,0.370794088,0.591269732,0.037936203,1
pre2,control,dish1,n2,0.543826044,0.05710236,0.399071574,0
pre2,control,dish1,n3,0.80472225,0.060381848,0.134895921,0
pre2,control,dish1,n4,0.845958233,0.110870272,0.043171544,0
pre2,control,dish1,n5,0.696728826,0.166098565,0.137172654,0
pre2,control,dish1,n6,0.599462986,0.021340854,0.379196137,0
pre2,control,dish1,n7,0.751714051,0.192675754,0.055610135,0
pre2,control,dish1,n8,0.768911541,0.031643443,0.199445024,0
pre2,control,dish1,n9,0.58742851,0.213962659,0.198608816,0
pre2,control,dish1,n10,0.535901129,0.422583312,0.041515596,0
pre2,control,dish1,n11,0.364287525,0.068581991,0.567130506,2
pre2,control,dish6,n0,0.088744938,0.889300883,0.021954177,1
pre2,control,dish6,n1,0.03709165,0.010664717,0.952243567,2
pre2,control,dish6,n2,0.443586648,0.493506223,0.062907144,1
pre2,control,dish6,n3,0.281672478,0.243560091,0.474767506,2
pre2,control,dish6,n4,0.165619805,0.197392464,0.636987805,2
pre2,control,dish6,n5,0.040316712,0.892657638,0.067025721,1
pre2,control,dish6,n6,0.323106021,0.525856555,0.151037365,1
pre2,control,dish6,n7,0.214382738,0.040412497,0.745204747,2
pre2,control,dish6,n8,0.47830075,0.340962589,0.180736706,0
pre2,control,dish6,n9,0.116840258,0.852142632,0.031017067,1
pre2,control,dish6,n10,0.222929358,0.043515824,0.73355478,2
pre2,control,dish6,n11,0.67754519,0.194226891,0.128227994,0
pre2,control,dish8,n0,0.943694711,0.026219394,0.030085936,0
pre2,control,dish8,n1,0.78562665,0.172283888,0.042089429,0
pre2,control,dish8,n2,0.760297775,0.063345499,0.176356733,0
pre2,control,dish8,n3,0.846589386,0.096421316,0.05698926,0
pre2,control,dish8,n4,0.881352544,0.087695837,0.030951673,0
pre2,control,dish8,n5,0.791266024,0.016868085,0.191865966,0
pre2,control,dish8,n6,0.847836435,0.038609438,0.113554157,0
pre2,control,dish8,n7,0.868366182,0.096502587,0.035131343,0
pre2,control,dish8,n8,0.867550194,0.020408694,0.112041101,0
pre2,control,dish8,n9,0.517230928,0.062807389,0.419961691,0
pre2,control,dish8,n10,0.784003437,0.193660527,0.022336043,0
pre2,control,dish8,n11,0.766316652,0.046382084,0.187301263,0
pre2,control,dish10,n0,0.772110701,0.205428571,0.022460703,0
pre2,control,dish10,n1,0.785666645,0.021416046,0.192917421,0
pre2,control,dish10,n2,0.303090602,0.665170074,0.031739365,1
pre2,control,dish10,n3,0.699039638,0.151119024,0.149841279,0
pre2,control,dish10,n4,0.527528107,0.064721592,0.407750368,0
pre2,control,dish10,n5,0.630790353,0.324162185,0.045047522,0
pre2,control,dish10,n6,0.849780798,0.029025171,0.121194027,0
pre2,control,dish10,n7,0.856116593,0.098221667,0.045661803,0
pre2,control,dish10,n8,0.805855155,0.069264106,0.124880739,0
pre2,control,dish10,n9,0.86122191,0.093719453,0.045058653,0
pre2,control,dish10,n10,0.73635453,0.201937139,0.06170829,0
pre2,control,dish10,n11,0.748445928,0.068575099,0.182979003,0
pre2,escit,dish2,n0,0.536848724,0.05689925,0.406252056,0
pre2,escit,dish2,n1,0.205308646,0.757299244,0.037392151,1
pre2,escit,dish2,n2,0.11503119,0.027138429,0.857830346,2
pre2,escit,dish2,n3,0.042817991,0.883356333,0.073825724,1
pre2,escit,dish2,n4,0.137241513,0.806579232,0.056179266,1
pre2,escit,dish2,n5,0.510184824,0.041655377,0.448159844,0
pre2,escit,dish2,n6,0.830858409,0.104468971,0.064672597,0
pre2,escit,dish2,n7,0.296501756,0.535384715,0.16811353,1
pre2,escit,dish2,n8,0.064784721,0.86468488,0.070530422,1
pre2,escit,dish2,n9,0.198174775,0.024326976,0.777498305,2
pre2,escit,dish2,n10,0.624617159,0.319763094,0.055619754,0
pre2,escit,dish2,n11,0.752994001,0.055489685,0.19151637,0
pre2,mirt,dish4,n0,0.673668563,0.27156508,0.054766446,0
pre2,mirt,dish4,n1,0.412430257,0.144043967,0.443525732,2
pre2,mirt,dish4,n2,0.78094691,0.064508349,0.154544801,0
pre2,mirt,dish4,n3,0.921504796,0.048579916,0.029915351,0
pre2,mirt,dish4,n4,0.489385396,0.473524719,0.037089892,0
pre2,mirt,dish4,n5,0.243088305,0.0229943,0.733917356,2
pre2,mirt,dish4,n6,0.439670265,0.466704816,0.093624942,1
pre2,mirt,dish4,n7,0.82585752,0.115154438,0.058987975,0
pre2,mirt,dish4,n8,0.68513447,0.060490686,0.254374951,0
pre2,mirt,dish4,n9,0.8432706,0.100508012,0.05622144,0
pre2,mirt,dish4,n10,0.863393426,0.043823451,0.092783168,0
pre2,mirt,dish4,n11,0.704427481,0.12051598,0.175056487,0
pre2,mirt,dish5,n0,0.373047292,0.146713391,0.480239302,2
pre2,mirt,dish5,n1,0.521787465,0.362958133,0.115254402,0
pre2,mirt,dish5,n2,0.703569114,0.168637276,0.127793625,0
pre2,mirt,dish5,n3,0.761540055,0.028205613,0.210254356,0
pre2,mirt,dish5,n4,0.8959589,0.023508271,0.080532849,0
pre2,mirt,dish5,n5,0.559158027,0.408993185,0.031848852,0
pre2,mirt,dish5,n6,0.657803237,0.177821368,0.164375365,0
pre2,mirt,dish5,n7,0.357556313,0.046260983,0.596182823,2
pre2,mirt,dish5,n8,0.181809321,0.79673475,0.021455994,1
pre2,mirt,dish5,n9,0.580294251,0.087228179,0.33247754,0
pre2,mirt,dish5,n10,0.427635878,0.068692066,0.503672063,2
pre2,mirt,dish5,n11,0.66066891,0.312766552,0.02656457,0
pre2,mirt,dish7,n0,0.703292251,0.256159455,0.040548369,0
pre2,mirt,dish7,n1,0.616018772,0.044823807,0.339157462,0
pre2,mirt,dish7,n2,0.615636289,0.26773712,0.116626613,0
pre2,mirt,dish7,n3,0.901935101,0.01247206,0.085592769,0
pre2,mirt,dish7,n4,0.799553275,0.155685782,0.044760972,0
pre2,mirt,dish7,n5,0.231365412,0.034046136,0.734588504,2
pre2,mirt,dish7,n6,0.794863224,0.109321304,0.095815517,0
pre2,mirt,dish7,n7,0.154458374,0.818546593,0.02699508,1
pre2,mirt,dish7,n8,0.066970058,0.037421662,0.895608246,2
pre2,mirt,dish7,n9,0.340699881,0.052244529,0.607055604,2
pre2,mirt,dish7,n10,0.305028945,0.614835143,0.080135867,1
pre2,mirt,dish7,n11,0.621682227,0.053615179,0.324702621,0
pre2,mirt,dish9,n0,0.441668332,0.539868414,0.018463317,1
pre2,mirt,dish9,n1,0.890608668,0.070644937,0.038746398,0
pre2,mirt,dish9,n2,0.127212793,0.018143047,0.854644179,2
pre2,mirt,dish9,n3,0.114338398,0.84112817,0.04453345,1
pre2,mirt,dish9,n4,0.119606361,0.050739586,0.829654157,2
pre2,mirt,dish9,n5,0.104783379,0.085547134,0.809669495,2
pre2,mirt,dish9,n6,0.189675033,0.750992835,0.059332069,1
pre2,mirt,dish9,n7,0.79204601,0.045903768,0.162050202,0
pre2,mirt,dish9,n8,0.780247808,0.184980676,0.034771509,0
pre2,mirt,dish9,n9,0.628269434,0.037840057,0.333890557,0
pre2,mirt,dish9,n10,0.459329009,0.457398206,0.083272733,0
pre2,mirt,dish9,n11,0.303194433,0.513592482,0.18321313,1
pre2,tryp,dish3,n0,0.593245387,0.359816432,0.046938207,0
pre2,tryp,dish3,n1,0.675961554,0.255103052,0.068935446,0
pre2,tryp,dish3,n2,0.8085078,0.056574535,0.134917632,0
pre2,tryp,dish3,n3,0.612946272,0.141397417,0.245656371,0
pre2,tryp,dish3,n4,0.330352038,0.621878922,0.047768991,1
pre2,tryp,dish3,n5,0.562547207,0.40690589,0.030546984,0
pre2,tryp,dish3,n6,0.16547887,0.020943984,0.813577116,2
pre2,tryp,dish3,n7,0.30314976,0.670916557,0.025933689,1
pre2,tryp,dish3,n8,0.911503613,0.056383342,0.032113101,0
pre2,tryp,dish3,n9,0.474865705,0.07607276,0.449061543,0
pre2,tryp,dish3,n10,0.476378798,0.481643528,0.041977696,1
pre2,tryp,dish3,n11,0.258158237,0.144846231,0.596995533,2
pre3,control,dish1,n0,0.468078583,0.481393605,0.050527785,1
pre3,control,dish1,n1,0.754226089,0.016028058,0.22974588,0
pre3,control,dish1,n2,0.73478353,0.229437575,0.035778977,0
pre3,control,dish1,n3,0.798656046,0.017554745,0.183789179,0
pre3,control,dish1,n4,0.443164885,0.47573033,0.081104703,1
pre3,control,dish1,n5,0.223512083,0.498232633,0.278255314,1
pre3,control,dish1,n6,0.332025588,0.034351416,0.633623004,2
pre3,control,dish1,n7,0.124152035,0.859189749,0.016658179,1
pre3,control,dish1,n8,0.188727632,0.069408931,0.741863489,2
pre3,control,dish1,n9,0.792914331,0.051252477,0.155833155,0
pre3,control,dish1,n10,0.868111312,0.103659987,0.028228713,0
pre3,control,dish1,n11,0.717031002,0.187817648,0.095151328,0
pre3,control,dish6,n0,0.050551206,0.937914729,0.011534072,1
pre3,control,dish6,n1,0.415729791,0.015481427,0.568788826,2
pre3,control,dish6,n2,0.034194592,0.012871582,0.952933729,2
pre3,control,dish6,n3,0.092632629,0.886572421,0.020794956,1
pre3,control,dish6,n4,0.074956834,0.264729291,0.660313785,2
pre3,control,dish6,n5,0.368979484,0.533292174,0.097728312,1
pre3,control,dish6,n6,0.026513919,0.010514969,0.962971151,2
pre3,control,dish6,n7,0.071881138,0.889455318,0.03866348,1
pre3,control,dish6,n8,0.013257458,0.930508435,0.056234136,1
pre3,control,dish6,n9,0.017667094,0.012239469,0.970093489,2
pre3,control,dish6,n10,0.003958718,0.994149446,0.001891831,1
pre3,control,dish6,n11,0.075407721,0.01457412,0.910018206,2
pre3,control,dish8,n0,0.844952583,0.124933243,0.030114183,0
pre3,control,dish8,n1,0.770800114,0.177058131,0.052141845,0
pre3,control,dish8,n2,0.718832552,0.225919917,0.055247575,0
pre3,control,dish8,n3,0.837419629,0.074700274,0.087880202,0
pre3,control,dish8,n4,0.928353965,0.035667215,0.035978906,0
pre3,control,dish8,n5,0.930431426,0.037581425,0.03198709,0
pre3,control,dish8,n6,0.858051896,0.120440193,0.021507943,0
pre3,control,dish8,n7,0.920527518,0.030417252,0.049055293,0
pre3,control,dish8,n8,0.870650887,0.035049815,0.094299398,0
pre3,control,dish8,n9,0.698304474,0.278994471,0.022701088,0
pre3,control,dish8,n10,0.814009428,0.018038044,0.167952552,0
pre3,control,dish8,n11,0.940649331,0.035645753,0.023704957,0
pre3,control,dish10,n0,0.832358003,0.060073689,0.107568301,0
pre3,control,dish10,n1,0.279249996,0.685058653,0.035691388,1
pre3,control,dish10,n2,0.444825768,0.035672024,0.519502282,2
pre3,control,dish10,n3,0.724775016,0.142199442,0.133025602,0
pre3,control,dish10,n4,0.530283749,0.420392096,0.0493242,0
pre3,control,dish10,n5,0.188101828,0.025840005,0.786058128,2
pre3,control,dish10,n6,0.343674749,0.581415892,0.074909404,1
pre3,control,dish10,n7,0.601912081,0.044553667,0.353534251,0
pre3,control,dish10,n8,0.281415105,0.445418298,0.273166597,1
pre3,control,dish10,n9,0.466334105,0.462633848,0.07103204,0
pre3,control,dish10,n10,0.720697343,0.00908522,0.270217419,0
pre3,control,dish10,n11,0.491903991,0.481322885,0.026773108,0
pre3,escit,dish2,n0,0.836677432,0.089180849,0.074141756,0
pre3,escit,dish2,n1,0.866574824,0.082511939,0.050913256,0
pre3,escit,dish2,n2,0.578057647,0.059884086,0.362058312,0
pre3,escit,dish2,n3,0.337728292,0.561927259,0.100344472,1
pre3,escit,dish2,n4,0.371449262,0.363810956,0.264739811,0
pre3,escit,dish2,n5,0.201896831,0.022789733,0.775313437,2
pre3,escit,dish2,n6,0.694654584,0.180991769,0.12435367,0
pre3,escit,dish2,n7,0.949239492,0.028734548,0.022025943,0
pre3,escit,dish2,n8,0.870966911,0.054838426,0.07419467,0
pre3,escit,dish2,n9,0.550118685,0.062781975,0.387099415,0
pre3,escit,dish2,n10,0.801480412,0.10373494,0.094784588,0
pre3,escit,dish2,n11,0.857378542,0.106423415,0.036197998,0
pre3,mirt,dish4,n0,0.575920343,0.153192103,0.270887554,0
pre3,mirt,dish4,n1,0.419480026,0.381741732,0.198778197,0
pre3,mirt,dish4,n2,0.680238128,0.133885443,0.185876459,0
pre3,mirt,dish4,n3,0.920450985,0.052205499,0.027343588,0
pre3,mirt,dish4,n4,0.710889101,0.19523564,0.093875349,0
pre3,mirt,dish4,n5,0.735907674,0.199041575,0.065050766,0
pre3,mirt,dish4,n6,0.926000178,0.053468786,0.020531004,0
pre3,mirt,dish4,n7,0.912051678,0.038456053,0.049492303,0
pre3,mirt,dish4,n8,0.962313712,0.021726653,0.015959622,0
pre3,mirt,dish4,n9,0.6058954,0.340777338,0.05332727,0
pre3,mirt,dish4,n10,0.201732263,0.012338493,0.785929263,2
pre3,mirt,dish4,n11,0.820160747,0.160345808,0.019493394,0
pre3,mirt,dish5,n0,0.375180513,0.600961685,0.02385778,1
pre3,mirt,dish5,n1,0.350028187,0.054911934,0.595059872,2
pre3,mirt,dish5,n2,0.696154833,0.046609674,0.257235497,0
pre3,mirt,dish5,n3,0.109365903,0.754554689,0.136079401,1
pre3,mirt,dish5,n4,0.381260663,0.587669313,0.031070052,1
pre3,mirt,dish5,n5,0.253851056,0.069459751,0.676689208,2
pre3,mirt,dish5,n6,0.643259883,0.142669275,0.214070827,0
pre3,mirt,dish5,n7,0.307143927,0.630075455,0.062780559,1
pre3,mirt,dish5,n8,0.406867862,0.172698542,0.42043364,2
pre3,mirt,dish5,n9,0.380879343,0.036889963,0.582230747,2
pre3,mirt,dish5,n10,0.243101895,0.709250271,0.047647852,1
pre3,mirt,dish5,n11,0.582850575,0.087221988,0.329927415,0
pre3,mirt,dish7,n0,0.845912993,0.122875571,0.031211412,0
pre3,mirt,dish7,n1,0.897074103,0.066608727,0.036317214,0
pre3,mirt,dish7,n2,0.34912613,0.071276419,0.579597473,2
pre3,mirt,dish7,n3,0.363561928,0.038895149,0.597542882,2
pre3,mirt,dish7,n4,0.078125291,0.883281648,0.03859305,1
pre3,mirt,dish7,n5,0.181070283,0.039984316,0.778945446,2
pre3,mirt,dish7,n6,0.391405612,0.581817448,0.026776956,1
pre3,mirt,dish7,n7,0.342032313,0.033033434,0.624934256,2
pre3,mirt,dish7,n8,0.112217434,0.335176706,0.552605867,2
pre3,mirt,dish7,n9,0.332058132,0.622692943,0.045248978,1
pre3,mirt,dish7,n10,0.127539307,0.01003191,0.862428725,2
pre3,mirt,dish7,n11,0.864079595,0.051379837,0.08454062,0
pre3,mirt,dish9,n0,0.729736745,0.115968354,0.154294997,0
pre3,mirt,dish9,n1,0.288053691,0.248931468,0.463014871,2
pre3,mirt,dish9,n2,0.388480544,0.223508403,0.388011009,0
pre3,mirt,dish9,n3,0.116358936,0.793529332,0.0901118,1
pre3,mirt,dish9,n4,0.807519495,0.111885481,0.080594987,0
pre3,mirt,dish9,n5,0.118986458,0.034520674,0.846492946,2
pre3,mirt,dish9,n6,0.732279599,0.089040592,0.178679883,0
pre3,mirt,dish9,n7,0.228003576,0.726163924,0.045832463,1
pre3,mirt,dish9,n8,0.848482192,0.04836392,0.103153944,0
pre3,mirt,dish9,n9,0.355071574,0.176159546,0.468768954,2
pre3,mirt,dish9,n10,0.186353728,0.635152519,0.178493738,1
pre3,mirt,dish9,n11,0.915598691,0.053643402,0.030757863,0
pre3,tryp,dish3,n0,0.680935442,0.033804782,0.285259873,0
pre3,tryp,dish3,n1,0.120123729,0.85416913,0.025707128,1
pre3,tryp,dish3,n2,0.350583464,0.061692983,0.587723553,2
pre3,tryp,dish3,n3,0.325405002,0.039622605,0.634972513,2
pre3,tryp,dish3,n4,0.577724516,0.377084523,0.04519102,0
pre3,tryp,dish3,n5,0.653642833,0.047040887,0.299316376,0
pre3,tryp,dish3,n6,0.717111945,0.049627759,0.233260348,0
pre3,tryp,dish3,n7,0.538517296,0.154743254,0.306739479,0
pre3,tryp,dish3,n8,0.505048394,0.164058059,0.330893666,0
pre3,tryp,dish3,n9,0.691204667,0.253436714,0.055358686,0
pre3,tryp,dish3,n10,0.122533172,0.022258423,0.855208457,2
pre3,tryp,dish3,n11,0.378222257,0.597560823,0.024216993,1
pre4,control,dish1,n0,0.6204772,0.130436167,0.249086618,0
pre4,control,dish1,n1,0.472638935,0.482368261,0.044992801,1
pre4,control,dish1,n2,0.77368778,0.090435311,0.135876939,0
pre4,control,dish1,n3,0.76758045,0.17725715,0.055162448,0
pre4,control,dish1,n4,0.165232658,0.809153557,0.025613775,1
pre4,control,dish1,n5,0.086824633,0.012419899,0.900755405,2
pre4,control,dish1,n6,0.066996343,0.927511632,0.005492081,1
pre4,control,dish1,n7,0.835323989,0.057724066,0.106951945,0
pre4,control,dish1,n8,0.20765312,0.08818832,0.704158604,2
pre4,control,dish1,n9,0.168535963,0.806918442,0.024545597,1
pre4,control,dish1,n10,0.464142233,0.022148035,0.513709724,2
pre4,control,dish1,n11,0.552080572,0.255365968,0.19255352,0